{
    "l1_accuracy": [
        0.9835686683654785,
        0.9921599626541138,
        0.9952146410942078,
        0.9964763522148132,
        0.9975720047950745
    ],
    "l1_loss": [
        0.05543519929051399,
        0.02602115459740162,
        0.015830572694540024,
        0.010545934550464153,
        0.007249260786920786
    ],
    "l2_accuracy": [
        0.9461156725883484,
        0.9687725901603699,
        0.9785425662994385,
        0.9856189489364624,
        0.9899560809135437
    ],
    "l2_loss": [
        0.17905227839946747,
        0.09959372878074646,
        0.0664299950003624,
        0.044195979833602905,
        0.03064269945025444
    ],
    "l3_accuracy": [
        0.9158137440681458,
        0.9476264119148254,
        0.9624432325363159,
        0.973059892654419,
        0.9807131886482239
    ],
    "l3_loss": [
        0.30191734433174133,
        0.18154484033584595,
        0.12556232511997223,
        0.08709608018398285,
        0.061453402042388916
    ],
    "loss": [
        0.5364381670951843,
        0.3071231544017792,
        0.20783565938472748,
        0.14183855056762695,
        0.09935013204813004
    ],
    "val_l1_accuracy": [
        0.990031898021698,
        0.9863966703414917,
        0.9886173009872437,
        0.9875810146331787,
        0.9885679483413696
    ],
    "val_l1_loss": [
        0.033922627568244934,
        0.04481176659464836,
        0.04095444455742836,
        0.048308391124010086,
        0.054493192583322525
    ],
    "val_l2_accuracy": [
        0.9592229723930359,
        0.9576274156570435,
        0.9577261209487915,
        0.9551107287406921,
        0.955933153629303
    ],
    "val_l2_loss": [
        0.13571634888648987,
        0.14572352170944214,
        0.15001921355724335,
        0.1767275631427765,
        0.2095388025045395
    ],
    "val_l3_accuracy": [
        0.9332335591316223,
        0.9332993626594543,
        0.9364082217216492,
        0.9315721988677979,
        0.9282330274581909
    ],
    "val_l3_loss": [
        0.24258404970169067,
        0.2462712973356247,
        0.25391772389411926,
        0.2920569181442261,
        0.3560212254524231
    ],
    "val_loss": [
        0.41220131516456604,
        0.4367968738079071,
        0.4448870122432709,
        0.5171114206314087,
        0.6200482249259949
    ]
}